cluster,customers,avg_recency,avg_frequency,avg_monetary,total_revenue,revenue_share_pct,persona
0,28,23.464285714285715,13.821428571428571,22777.556142857142,637771.5719999999,50.38513817803308,Champions
3,3,10.333333333333334,29.666666666666668,106504.74449999999,319514.2335,25.24221760819692,Champions
1,56,53.25,6.267857142857143,5500.88275,308049.434,24.3364771638879,Champions
2,2,504.0,1.5,228.9,457.8,0.036167049882090935,High-Value Loyal
