cluster,customers,avg_recency,avg_frequency,avg_monetary,total_revenue,revenue_share_pct,persona
0,50644,128.07600110575783,1.0,134.3805530763763,6805568.73,44.12764208135884,High-Value Loyal
1,37525,387.40045303131245,1.0,133.46131672218522,5008135.91,32.47299934788556,High-Value Loyal
3,2416,239.46399006622516,1.0128311258278146,1161.3259395695366,2805763.47,18.192708218981046,High-Value Loyal
2,2772,220.4440836940837,2.1143578643578644,289.6802525252525,802993.66,5.206650351774546,High-Value Loyal
